Event Index,UTC Timestamp,UTC Date,Local Timestamp,Local Timezone,Local Date,Experiment ID,Experiment Version,Tree Node Key,Repeat Key,Schedule ID,Participant Public ID,Participant Private ID,Participant Starting Group,Participant Status,Participant Completion Code,Participant External Session ID,Participant Device Type,Participant Device,Participant OS,Participant Browser,Participant Monitor Size,Participant Viewport Size,Checkpoint,Task Name,Task Version,checkpoint-avuh,checkpoint-nnz8,checkpoint-a42j,checkpoint-dy11,checkpoint-pxfe,checkpoint-2q1l,checkpoint-d6dn,checkpoint-ousn,randomiser-s8gy,Randomise questionnaire elements?,Question Key,Response
1,1616591111115,24/03/2021 13:05:11,1616591110880,2,24/03/2021 15:05:10,47307,12,questionnaire-pgup,,11274313,6005967a62740146419a703e,3437640,,complete,,605b2795619a859914bdc37f,computer,Desktop or Laptop,Mac OS 10.15,Firefox 87.0,1920x1080,1920x981,PostDebriefCP,Debrief_Form,3,PostConsentCP,PostBrowserFullscreenCP,PostDebriefCP,PostTenMinBreak,PostFamCP,PostTrainingCP,PostRecogCP,PostThreeItemCP,mask2,No,BEGIN QUESTIONNAIRE,
2,1616591133270,24/03/2021 13:05:33,1616591133101,2,24/03/2021 15:05:33,47307,12,questionnaire-pgup,,11274313,6005967a62740146419a703e,3437640,,complete,,605b2795619a859914bdc37f,computer,Desktop or Laptop,Mac OS 10.15,Firefox 87.0,1920x1080,1920x981,PostDebriefCP,Debrief_Form,3,PostConsentCP,PostBrowserFullscreenCP,PostDebriefCP,PostTenMinBreak,PostFamCP,PostTrainingCP,PostRecogCP,PostThreeItemCP,mask2,No,END QUESTIONNAIRE,22221
1,1616671727062,25/03/2021 11:28:47,1616671726680,0,25/03/2021 11:28:46,47307,12,questionnaire-pgup,,11307974,56ea824126bcc7000bcd6449,3447635,,complete,,605c5ef61bfbebedf9f2f067,computer,Desktop or Laptop,Windows 10,Firefox 87.0,1920x1080,1919x1006,PostDebriefCP,Debrief_Form,3,PostConsentCP,PostBrowserFullscreenCP,PostDebriefCP,PostTenMinBreak,PostFamCP,PostTrainingCP,PostRecogCP,PostThreeItemCP,mask2,No,BEGIN QUESTIONNAIRE,
2,1616671767699,25/03/2021 11:29:27,1616671767365,0,25/03/2021 11:29:27,47307,12,questionnaire-pgup,,11307974,56ea824126bcc7000bcd6449,3447635,,complete,,605c5ef61bfbebedf9f2f067,computer,Desktop or Laptop,Windows 10,Firefox 87.0,1920x1080,1919x1006,PostDebriefCP,Debrief_Form,3,PostConsentCP,PostBrowserFullscreenCP,PostDebriefCP,PostTenMinBreak,PostFamCP,PostTrainingCP,PostRecogCP,PostThreeItemCP,mask2,No,END QUESTIONNAIRE,40685
1,1616671914396,25/03/2021 11:31:54,1616671911308,11,25/03/2021 22:31:51,47307,12,questionnaire-pgup,,11308139,6030fb6df25202f8c6b7ddc9,3447897,,complete,,605c63b437d9fdc0944bbaef,computer,Desktop or Laptop,Mac OS 10.15,Firefox 87.0,1440x900,1440x826,PostDebriefCP,Debrief_Form,3,PostConsentCP,PostBrowserFullscreenCP,PostDebriefCP,PostTenMinBreak,PostFamCP,PostTrainingCP,PostRecogCP,PostThreeItemCP,slice2,No,BEGIN QUESTIONNAIRE,
2,1616671918684,25/03/2021 11:31:58,1616671915654,11,25/03/2021 22:31:55,47307,12,questionnaire-pgup,,11308139,6030fb6df25202f8c6b7ddc9,3447897,,complete,,605c63b437d9fdc0944bbaef,computer,Desktop or Laptop,Mac OS 10.15,Firefox 87.0,1440x900,1440x826,PostDebriefCP,Debrief_Form,3,PostConsentCP,PostBrowserFullscreenCP,PostDebriefCP,PostTenMinBreak,PostFamCP,PostTrainingCP,PostRecogCP,PostThreeItemCP,slice2,No,END QUESTIONNAIRE,4347
1,1616671947483,25/03/2021 11:32:27,1616671947394,0,25/03/2021 11:32:27,47307,12,questionnaire-pgup,,11308166,5ba53688bf3b9d000152127c,3447913,,complete,,605c6289fc8d2e3ed10d88d5,computer,Desktop or Laptop,Mac OS 10.13,Firefox 87.0,1280x800,1280x635,PostDebriefCP,Debrief_Form,3,PostConsentCP,PostBrowserFullscreenCP,PostDebriefCP,PostTenMinBreak,PostFamCP,PostTrainingCP,PostRecogCP,PostThreeItemCP,slice2,No,BEGIN QUESTIONNAIRE,
2,1616671968540,25/03/2021 11:32:48,1616671968510,0,25/03/2021 11:32:48,47307,12,questionnaire-pgup,,11308166,5ba53688bf3b9d000152127c,3447913,,complete,,605c6289fc8d2e3ed10d88d5,computer,Desktop or Laptop,Mac OS 10.13,Firefox 87.0,1280x800,1280x635,PostDebriefCP,Debrief_Form,3,PostConsentCP,PostBrowserFullscreenCP,PostDebriefCP,PostTenMinBreak,PostFamCP,PostTrainingCP,PostRecogCP,PostThreeItemCP,slice2,No,END QUESTIONNAIRE,21116
1,1616671986744,25/03/2021 11:33:06,1616671988054,0,25/03/2021 11:33:08,47307,12,questionnaire-pgup,,11308192,602ab0d710c7c111e4b81763,3447782,,complete,,605c61a848105b5aa9b8c1cd,computer,Desktop or Laptop,Windows 10,Firefox 87.0,1280x720,1280x646,PostDebriefCP,Debrief_Form,3,PostConsentCP,PostBrowserFullscreenCP,PostDebriefCP,PostTenMinBreak,PostFamCP,PostTrainingCP,PostRecogCP,PostThreeItemCP,slice1,No,BEGIN QUESTIONNAIRE,
2,1616672026283,25/03/2021 11:33:46,1616672027598,0,25/03/2021 11:33:47,47307,12,questionnaire-pgup,,11308192,602ab0d710c7c111e4b81763,3447782,,complete,,605c61a848105b5aa9b8c1cd,computer,Desktop or Laptop,Windows 10,Firefox 87.0,1280x720,1263x646,PostDebriefCP,Debrief_Form,3,PostConsentCP,PostBrowserFullscreenCP,PostDebriefCP,PostTenMinBreak,PostFamCP,PostTrainingCP,PostRecogCP,PostThreeItemCP,slice1,No,END QUESTIONNAIRE,39544
1,1616672005062,25/03/2021 11:33:25,1616672004881,1,25/03/2021 12:33:24,47307,12,questionnaire-pgup,,11308208,604009902b22f71c96b10b3f,3447760,,complete,,605c61ba8dc070611a7961aa,computer,Desktop or Laptop,Mac OS 10.14,Firefox 86.0,1280x800,1280x726,PostDebriefCP,Debrief_Form,3,PostConsentCP,PostBrowserFullscreenCP,PostDebriefCP,PostTenMinBreak,PostFamCP,PostTrainingCP,PostRecogCP,PostThreeItemCP,mask1,No,BEGIN QUESTIONNAIRE,
2,1616672033375,25/03/2021 11:33:53,1616672033228,1,25/03/2021 12:33:53,47307,12,questionnaire-pgup,,11308208,604009902b22f71c96b10b3f,3447760,,complete,,605c61ba8dc070611a7961aa,computer,Desktop or Laptop,Mac OS 10.14,Firefox 86.0,1280x800,1280x726,PostDebriefCP,Debrief_Form,3,PostConsentCP,PostBrowserFullscreenCP,PostDebriefCP,PostTenMinBreak,PostFamCP,PostTrainingCP,PostRecogCP,PostThreeItemCP,mask1,No,END QUESTIONNAIRE,28347
1,1616672005091,25/03/2021 11:33:25,1616672004262,0,25/03/2021 11:33:24,47307,12,questionnaire-pgup,,11308209,5fbd022c5308d50008f79827,3447841,,complete,,605c62bb1879967b63e6c6ff,computer,Desktop or Laptop,Windows 10,Firefox 87.0,1536x864,1536x864,PostDebriefCP,Debrief_Form,3,PostConsentCP,PostBrowserFullscreenCP,PostDebriefCP,PostTenMinBreak,PostFamCP,PostTrainingCP,PostRecogCP,PostThreeItemCP,slice2,No,BEGIN QUESTIONNAIRE,
2,1616672035594,25/03/2021 11:33:55,1616672034814,0,25/03/2021 11:33:54,47307,12,questionnaire-pgup,,11308209,5fbd022c5308d50008f79827,3447841,,complete,,605c62bb1879967b63e6c6ff,computer,Desktop or Laptop,Windows 10,Firefox 87.0,1536x864,1536x864,PostDebriefCP,Debrief_Form,3,PostConsentCP,PostBrowserFullscreenCP,PostDebriefCP,PostTenMinBreak,PostFamCP,PostTrainingCP,PostRecogCP,PostThreeItemCP,slice2,No,END QUESTIONNAIRE,30553
1,1616672336472,25/03/2021 11:38:56,1616672337141,11,25/03/2021 22:38:57,47307,12,questionnaire-pgup,,11308457,5f24227c55217f000a870161,3447817,,complete,,605c62c6b2c475b662b0c4f4,computer,Desktop or Laptop,Windows 10,Firefox 87.0,1366x768,1366x654,PostDebriefCP,Debrief_Form,3,PostConsentCP,PostBrowserFullscreenCP,PostDebriefCP,PostTenMinBreak,PostFamCP,PostTrainingCP,PostRecogCP,PostThreeItemCP,mask1,No,BEGIN QUESTIONNAIRE,
2,1616672343247,25/03/2021 11:39:03,1616672343972,11,25/03/2021 22:39:03,47307,12,questionnaire-pgup,,11308457,5f24227c55217f000a870161,3447817,,complete,,605c62c6b2c475b662b0c4f4,computer,Desktop or Laptop,Windows 10,Firefox 87.0,1366x768,1349x654,PostDebriefCP,Debrief_Form,3,PostConsentCP,PostBrowserFullscreenCP,PostDebriefCP,PostTenMinBreak,PostFamCP,PostTrainingCP,PostRecogCP,PostThreeItemCP,mask1,No,END QUESTIONNAIRE,6831
1,1616672422250,25/03/2021 11:40:22,1616672425405,1,25/03/2021 12:40:25,47307,12,questionnaire-pgup,,11308525,5d31c6bac88f0e00164c3ccb,3447752,,complete,,605c60bdf21a45f085571cd7,computer,Desktop or Laptop,Windows 7,Firefox 86.0,1920x1080,1920x978,PostDebriefCP,Debrief_Form,3,PostConsentCP,PostBrowserFullscreenCP,PostDebriefCP,PostTenMinBreak,PostFamCP,PostTrainingCP,PostRecogCP,PostThreeItemCP,slice1,No,BEGIN QUESTIONNAIRE,
2,1616672434617,25/03/2021 11:40:34,1616672437776,1,25/03/2021 12:40:37,47307,12,questionnaire-pgup,,11308525,5d31c6bac88f0e00164c3ccb,3447752,,complete,,605c60bdf21a45f085571cd7,computer,Desktop or Laptop,Windows 7,Firefox 86.0,1920x1080,1920x978,PostDebriefCP,Debrief_Form,3,PostConsentCP,PostBrowserFullscreenCP,PostDebriefCP,PostTenMinBreak,PostFamCP,PostTrainingCP,PostRecogCP,PostThreeItemCP,slice1,No,END QUESTIONNAIRE,12371
1,1616672440610,25/03/2021 11:40:40,1616672440217,11,25/03/2021 22:40:40,47307,12,questionnaire-pgup,,11308535,5be677307514d00001084e85,3447675,,complete,,605c5eafb85c4298973f8053,computer,Desktop or Laptop,Windows 10,Firefox 86.0,1080x720,1080x578,PostDebriefCP,Debrief_Form,3,PostConsentCP,PostBrowserFullscreenCP,PostDebriefCP,PostTenMinBreak,PostFamCP,PostTrainingCP,PostRecogCP,PostThreeItemCP,mask1,No,BEGIN QUESTIONNAIRE,
2,1616672466825,25/03/2021 11:41:06,1616672466474,11,25/03/2021 22:41:06,47307,12,questionnaire-pgup,,11308535,5be677307514d00001084e85,3447675,,complete,,605c5eafb85c4298973f8053,computer,Desktop or Laptop,Windows 10,Firefox 86.0,1080x720,1063x578,PostDebriefCP,Debrief_Form,3,PostConsentCP,PostBrowserFullscreenCP,PostDebriefCP,PostTenMinBreak,PostFamCP,PostTrainingCP,PostRecogCP,PostThreeItemCP,mask1,No,END QUESTIONNAIRE,26258
1,1616672665779,25/03/2021 11:44:25,1616672665269,2,25/03/2021 13:44:25,47307,12,questionnaire-pgup,,11308701,60460d45e253b801e6d02c54,3447784,,complete,,605c61c5ed6b11900f271467,computer,Desktop or Laptop,Mac OS 10.15,Firefox 83.0,1440x900,1440x826,PostDebriefCP,Debrief_Form,3,PostConsentCP,PostBrowserFullscreenCP,PostDebriefCP,PostTenMinBreak,PostFamCP,PostTrainingCP,PostRecogCP,PostThreeItemCP,slice1,No,BEGIN QUESTIONNAIRE,
2,1616672702039,25/03/2021 11:45:02,1616672701605,2,25/03/2021 13:45:01,47307,12,questionnaire-pgup,,11308701,60460d45e253b801e6d02c54,3447784,,complete,,605c61c5ed6b11900f271467,computer,Desktop or Laptop,Mac OS 10.15,Firefox 83.0,1440x900,1440x826,PostDebriefCP,Debrief_Form,3,PostConsentCP,PostBrowserFullscreenCP,PostDebriefCP,PostTenMinBreak,PostFamCP,PostTrainingCP,PostRecogCP,PostThreeItemCP,slice1,No,END QUESTIONNAIRE,36337
1,1616672839865,25/03/2021 11:47:19,1616672838746,10.5,25/03/2021 22:17:18,47307,12,questionnaire-pgup,,11308810,5f485e24b5efe81f67b89f81,3447793,,complete,,605c6180c2b84909c10116f1,computer,Desktop or Laptop,Windows 10,Firefox 87.0,1536x864,1536x750,PostDebriefCP,Debrief_Form,3,PostConsentCP,PostBrowserFullscreenCP,PostDebriefCP,PostTenMinBreak,PostFamCP,PostTrainingCP,PostRecogCP,PostThreeItemCP,slice1,No,BEGIN QUESTIONNAIRE,
2,1616672863928,25/03/2021 11:47:43,1616672862892,10.5,25/03/2021 22:17:42,47307,12,questionnaire-pgup,,11308810,5f485e24b5efe81f67b89f81,3447793,,complete,,605c6180c2b84909c10116f1,computer,Desktop or Laptop,Windows 10,Firefox 87.0,1536x864,1519x750,PostDebriefCP,Debrief_Form,3,PostConsentCP,PostBrowserFullscreenCP,PostDebriefCP,PostTenMinBreak,PostFamCP,PostTrainingCP,PostRecogCP,PostThreeItemCP,slice1,No,END QUESTIONNAIRE,24146
1,1616673238107,25/03/2021 11:53:58,1616673237895,13,26/03/2021 00:53:57,47307,12,questionnaire-pgup,,11309179,5806d62a030efb00019213d8,3447821,,complete,,605c629b303812612dc4d57b,computer,Desktop or Laptop,Windows 10,Firefox 84.0,1366x768,1366x631,PostDebriefCP,Debrief_Form,3,PostConsentCP,PostBrowserFullscreenCP,PostDebriefCP,PostTenMinBreak,PostFamCP,PostTrainingCP,PostRecogCP,PostThreeItemCP,mask1,No,BEGIN QUESTIONNAIRE,
2,1616673253006,25/03/2021 11:54:13,1616673252882,13,26/03/2021 00:54:12,47307,12,questionnaire-pgup,,11309179,5806d62a030efb00019213d8,3447821,,complete,,605c629b303812612dc4d57b,computer,Desktop or Laptop,Windows 10,Firefox 84.0,1366x768,1349x631,PostDebriefCP,Debrief_Form,3,PostConsentCP,PostBrowserFullscreenCP,PostDebriefCP,PostTenMinBreak,PostFamCP,PostTrainingCP,PostRecogCP,PostThreeItemCP,mask1,No,END QUESTIONNAIRE,14988
1,1616673260146,25/03/2021 11:54:20,1616673292122,0,25/03/2021 11:54:52,47307,12,questionnaire-pgup,,11309205,5e72575be8e23118f1a6359b,3447807,,complete,,605c61fa8dc070611a7961ab,computer,Desktop or Laptop,Mac OS 10.15,Firefox 87.0,1280x800,1280x636,PostDebriefCP,Debrief_Form,3,PostConsentCP,PostBrowserFullscreenCP,PostDebriefCP,PostTenMinBreak,PostFamCP,PostTrainingCP,PostRecogCP,PostThreeItemCP,mask1,No,BEGIN QUESTIONNAIRE,
2,1616673265560,25/03/2021 11:54:25,1616673297573,0,25/03/2021 11:54:57,47307,12,questionnaire-pgup,,11309205,5e72575be8e23118f1a6359b,3447807,,complete,,605c61fa8dc070611a7961ab,computer,Desktop or Laptop,Mac OS 10.15,Firefox 87.0,1280x800,1280x636,PostDebriefCP,Debrief_Form,3,PostConsentCP,PostBrowserFullscreenCP,PostDebriefCP,PostTenMinBreak,PostFamCP,PostTrainingCP,PostRecogCP,PostThreeItemCP,mask1,No,END QUESTIONNAIRE,5451
1,1616673594099,25/03/2021 11:59:54,1616673594633,-7,25/03/2021 04:59:54,47307,12,questionnaire-pgup,,11309490,5efefa7e0edf450309b01441,3447777,,complete,,605c60bbd912b5d7d3252dbf,computer,Desktop or Laptop,Windows 10,Firefox 87.0,1366x768,1366x693,PostDebriefCP,Debrief_Form,3,PostConsentCP,PostBrowserFullscreenCP,PostDebriefCP,PostTenMinBreak,PostFamCP,PostTrainingCP,PostRecogCP,PostThreeItemCP,slice2,No,BEGIN QUESTIONNAIRE,
2,1616673607891,25/03/2021 12:00:07,1616673608477,-7,25/03/2021 05:00:08,47307,12,questionnaire-pgup,,11309490,5efefa7e0edf450309b01441,3447777,,complete,,605c60bbd912b5d7d3252dbf,computer,Desktop or Laptop,Windows 10,Firefox 87.0,1366x768,1349x693,PostDebriefCP,Debrief_Form,3,PostConsentCP,PostBrowserFullscreenCP,PostDebriefCP,PostTenMinBreak,PostFamCP,PostTrainingCP,PostRecogCP,PostThreeItemCP,slice2,No,END QUESTIONNAIRE,13844
1,1616674175917,25/03/2021 12:09:35,1616674176148,-7,25/03/2021 05:09:36,47307,12,questionnaire-pgup,,11309985,60599e03c1a5dcba6068ca40,3447883,,complete,,605c613d1183ec584424d5e0,computer,Desktop or Laptop,Windows 7,Firefox 87.0,1366x768,1366x768,PostDebriefCP,Debrief_Form,3,PostConsentCP,PostBrowserFullscreenCP,PostDebriefCP,PostTenMinBreak,PostFamCP,PostTrainingCP,PostRecogCP,PostThreeItemCP,slice1,No,BEGIN QUESTIONNAIRE,
2,1616674182467,25/03/2021 12:09:42,1616674182209,-7,25/03/2021 05:09:42,47307,12,questionnaire-pgup,,11309985,60599e03c1a5dcba6068ca40,3447883,,complete,,605c613d1183ec584424d5e0,computer,Desktop or Laptop,Windows 7,Firefox 87.0,1366x768,1349x768,PostDebriefCP,Debrief_Form,3,PostConsentCP,PostBrowserFullscreenCP,PostDebriefCP,PostTenMinBreak,PostFamCP,PostTrainingCP,PostRecogCP,PostThreeItemCP,slice1,No,END QUESTIONNAIRE,6062
1,1616674406550,25/03/2021 12:13:26,1616674406465,0,25/03/2021 12:13:26,47307,12,questionnaire-pgup,,11310182,603ce42815614aaee3b8a7fa,3447838,,complete,,605c61a04e3383af4573974f,computer,Desktop or Laptop,Mac OS 10.15,Firefox 87.0,1366x768,1366x671,PostDebriefCP,Debrief_Form,3,PostConsentCP,PostBrowserFullscreenCP,PostDebriefCP,PostTenMinBreak,PostFamCP,PostTrainingCP,PostRecogCP,PostThreeItemCP,slice2,No,BEGIN QUESTIONNAIRE,
2,1616674494117,25/03/2021 12:14:54,1616674494092,0,25/03/2021 12:14:54,47307,12,questionnaire-pgup,,11310182,603ce42815614aaee3b8a7fa,3447838,,complete,,605c61a04e3383af4573974f,computer,Desktop or Laptop,Mac OS 10.15,Firefox 87.0,1366x768,1351x671,PostDebriefCP,Debrief_Form,3,PostConsentCP,PostBrowserFullscreenCP,PostDebriefCP,PostTenMinBreak,PostFamCP,PostTrainingCP,PostRecogCP,PostThreeItemCP,slice2,No,END QUESTIONNAIRE,87627
1,1616674442148,25/03/2021 12:14:02,1616674441871,11,25/03/2021 23:14:01,47307,12,questionnaire-pgup,,11310213,5e9e6a4b4ca66922ca83911d,3447762,,complete,,605c60fc672fff7c4e557051,computer,Desktop or Laptop,Windows 10,Firefox 86.0,1536x864,1536x750,PostDebriefCP,Debrief_Form,3,PostConsentCP,PostBrowserFullscreenCP,PostDebriefCP,PostTenMinBreak,PostFamCP,PostTrainingCP,PostRecogCP,PostThreeItemCP,slice1,No,BEGIN QUESTIONNAIRE,
2,1616674482017,25/03/2021 12:14:42,1616674481805,11,25/03/2021 23:14:41,47307,12,questionnaire-pgup,,11310213,5e9e6a4b4ca66922ca83911d,3447762,,complete,,605c60fc672fff7c4e557051,computer,Desktop or Laptop,Windows 10,Firefox 86.0,1536x864,1519x750,PostDebriefCP,Debrief_Form,3,PostConsentCP,PostBrowserFullscreenCP,PostDebriefCP,PostTenMinBreak,PostFamCP,PostTrainingCP,PostRecogCP,PostThreeItemCP,slice1,No,END QUESTIONNAIRE,39933
1,1616674451660,25/03/2021 12:14:11,1616674451575,1,25/03/2021 13:14:11,47307,12,questionnaire-pgup,,11310220,5fcf63c45c1f7701611fb6ab,3447874,,complete,,605c61858d9cc17eb575c599,computer,Desktop or Laptop,Windows 10,Firefox 87.0,1920x1080,1920x910,PostDebriefCP,Debrief_Form,3,PostConsentCP,PostBrowserFullscreenCP,PostDebriefCP,PostTenMinBreak,PostFamCP,PostTrainingCP,PostRecogCP,PostThreeItemCP,mask1,No,BEGIN QUESTIONNAIRE,
2,1616674500609,25/03/2021 12:15:00,1616674500560,1,25/03/2021 13:15:00,47307,12,questionnaire-pgup,,11310220,5fcf63c45c1f7701611fb6ab,3447874,,complete,,605c61858d9cc17eb575c599,computer,Desktop or Laptop,Windows 10,Firefox 87.0,1920x1080,1920x910,PostDebriefCP,Debrief_Form,3,PostConsentCP,PostBrowserFullscreenCP,PostDebriefCP,PostTenMinBreak,PostFamCP,PostTrainingCP,PostRecogCP,PostThreeItemCP,mask1,No,END QUESTIONNAIRE,48985
1,1616674496267,25/03/2021 12:14:56,1616674496590,0,25/03/2021 12:14:56,47307,12,questionnaire-pgup,,11310260,5e67bcf03f8a34063871ba27,3447791,,complete,,605c60e4542f0944a90a329a,computer,Desktop or Laptop,Windows 10,Firefox 87.0,1366x768,1366x626,PostDebriefCP,Debrief_Form,3,PostConsentCP,PostBrowserFullscreenCP,PostDebriefCP,PostTenMinBreak,PostFamCP,PostTrainingCP,PostRecogCP,PostThreeItemCP,mask2,No,BEGIN QUESTIONNAIRE,
2,1616674547732,25/03/2021 12:15:47,1616674547887,0,25/03/2021 12:15:47,47307,12,questionnaire-pgup,,11310260,5e67bcf03f8a34063871ba27,3447791,,complete,,605c60e4542f0944a90a329a,computer,Desktop or Laptop,Windows 10,Firefox 87.0,1366x768,1349x626,PostDebriefCP,Debrief_Form,3,PostConsentCP,PostBrowserFullscreenCP,PostDebriefCP,PostTenMinBreak,PostFamCP,PostTrainingCP,PostRecogCP,PostThreeItemCP,mask2,No,END QUESTIONNAIRE,51297
1,1616674921684,25/03/2021 12:22:01,1616674921620,0,25/03/2021 12:22:01,47307,12,questionnaire-pgup,,11310555,5d947f03024f0d00191c9f80,3447937,,complete,,605c5ec7ac5d263773f8f2da,computer,Desktop or Laptop,Windows 10,Firefox 87.0,1366x768,1366x626,PostDebriefCP,Debrief_Form,3,PostConsentCP,PostBrowserFullscreenCP,PostDebriefCP,PostTenMinBreak,PostFamCP,PostTrainingCP,PostRecogCP,PostThreeItemCP,mask2,No,BEGIN QUESTIONNAIRE,
2,1616674982906,25/03/2021 12:23:02,1616674982881,0,25/03/2021 12:23:02,47307,12,questionnaire-pgup,,11310555,5d947f03024f0d00191c9f80,3447937,,complete,,605c5ec7ac5d263773f8f2da,computer,Desktop or Laptop,Windows 10,Firefox 87.0,1366x768,1349x626,PostDebriefCP,Debrief_Form,3,PostConsentCP,PostBrowserFullscreenCP,PostDebriefCP,PostTenMinBreak,PostFamCP,PostTrainingCP,PostRecogCP,PostThreeItemCP,mask2,No,END QUESTIONNAIRE,61261
1,1616675186948,25/03/2021 12:26:26,1616675189241,0,25/03/2021 12:26:29,47307,12,questionnaire-pgup,,11310789,55057a56fdf99b5b566a70bb,3448135,,complete,,605c6829a2a65fd2e7ea511e,computer,Desktop or Laptop,Windows 10,Firefox 87.0,1280x720,1280x720,PostDebriefCP,Debrief_Form,3,PostConsentCP,PostBrowserFullscreenCP,PostDebriefCP,PostTenMinBreak,PostFamCP,PostTrainingCP,PostRecogCP,PostThreeItemCP,mask2,No,BEGIN QUESTIONNAIRE,
2,1616675215546,25/03/2021 12:26:55,1616675217904,0,25/03/2021 12:26:57,47307,12,questionnaire-pgup,,11310789,55057a56fdf99b5b566a70bb,3448135,,complete,,605c6829a2a65fd2e7ea511e,computer,Desktop or Laptop,Windows 10,Firefox 87.0,1280x720,1263x720,PostDebriefCP,Debrief_Form,3,PostConsentCP,PostBrowserFullscreenCP,PostDebriefCP,PostTenMinBreak,PostFamCP,PostTrainingCP,PostRecogCP,PostThreeItemCP,mask2,No,END QUESTIONNAIRE,28663
1,1616675202439,25/03/2021 12:26:42,1616675201510,-4,25/03/2021 08:26:41,47307,12,questionnaire-pgup,,11310797,603962ba7dc2aa49b92a445f,3447859,,complete,,605c627b2e01f980b6d386fc,computer,Desktop or Laptop,Windows 10,Firefox 87.0,1366x768,1366x654,PostDebriefCP,Debrief_Form,3,PostConsentCP,PostBrowserFullscreenCP,PostDebriefCP,PostTenMinBreak,PostFamCP,PostTrainingCP,PostRecogCP,PostThreeItemCP,mask1,No,BEGIN QUESTIONNAIRE,
2,1616675227072,25/03/2021 12:27:07,1616675226168,-4,25/03/2021 08:27:06,47307,12,questionnaire-pgup,,11310797,603962ba7dc2aa49b92a445f,3447859,,complete,,605c627b2e01f980b6d386fc,computer,Desktop or Laptop,Windows 10,Firefox 87.0,1366x768,1349x654,PostDebriefCP,Debrief_Form,3,PostConsentCP,PostBrowserFullscreenCP,PostDebriefCP,PostTenMinBreak,PostFamCP,PostTrainingCP,PostRecogCP,PostThreeItemCP,mask1,No,END QUESTIONNAIRE,24658
1,1616675272569,25/03/2021 12:27:52,1616675272117,0,25/03/2021 12:27:52,47307,12,questionnaire-pgup,,11310869,5f90524741bf1e0d4a1b516c,3447754,,complete,,605c614372c39877bded71a6,computer,Desktop or Laptop,Windows 10,Firefox 87.0,1920x1080,1920x1080,PostDebriefCP,Debrief_Form,3,PostConsentCP,PostBrowserFullscreenCP,PostDebriefCP,PostTenMinBreak,PostFamCP,PostTrainingCP,PostRecogCP,PostThreeItemCP,mask2,No,BEGIN QUESTIONNAIRE,
2,1616675295821,25/03/2021 12:28:15,1616675295413,0,25/03/2021 12:28:15,47307,12,questionnaire-pgup,,11310869,5f90524741bf1e0d4a1b516c,3447754,,complete,,605c614372c39877bded71a6,computer,Desktop or Laptop,Windows 10,Firefox 87.0,1920x1080,1920x1080,PostDebriefCP,Debrief_Form,3,PostConsentCP,PostBrowserFullscreenCP,PostDebriefCP,PostTenMinBreak,PostFamCP,PostTrainingCP,PostRecogCP,PostThreeItemCP,mask2,No,END QUESTIONNAIRE,23296
1,1616675628450,25/03/2021 12:33:48,1616675628840,2,25/03/2021 14:33:48,47307,12,questionnaire-pgup,,11311114,604b6c5e2ea9d155393b76b1,3447787,,complete,,605c601c9be32ef976179ad0,computer,Desktop or Laptop,Windows 10,Firefox 87.0,1536x864,1536x722,PostDebriefCP,Debrief_Form,3,PostConsentCP,PostBrowserFullscreenCP,PostDebriefCP,PostTenMinBreak,PostFamCP,PostTrainingCP,PostRecogCP,PostThreeItemCP,mask1,No,BEGIN QUESTIONNAIRE,
2,1616675633968,25/03/2021 12:33:53,1616675634471,2,25/03/2021 14:33:54,47307,12,questionnaire-pgup,,11311114,604b6c5e2ea9d155393b76b1,3447787,,complete,,605c601c9be32ef976179ad0,computer,Desktop or Laptop,Windows 10,Firefox 87.0,1536x864,1519x722,PostDebriefCP,Debrief_Form,3,PostConsentCP,PostBrowserFullscreenCP,PostDebriefCP,PostTenMinBreak,PostFamCP,PostTrainingCP,PostRecogCP,PostThreeItemCP,mask1,No,END QUESTIONNAIRE,5631
1,1616675669575,25/03/2021 12:34:29,1616675671919,2,25/03/2021 14:34:31,47307,12,questionnaire-pgup,,11311126,5fbfc10b6e4c4c33c87c186b,3447766,,complete,,605c5facda4ddfd633a4ac1b,computer,Desktop or Laptop,Windows 8.1,Firefox 87.0,1366x768,1366x654,PostDebriefCP,Debrief_Form,3,PostConsentCP,PostBrowserFullscreenCP,PostDebriefCP,PostTenMinBreak,PostFamCP,PostTrainingCP,PostRecogCP,PostThreeItemCP,mask1,No,BEGIN QUESTIONNAIRE,
2,1616675742190,25/03/2021 12:35:42,1616675744668,2,25/03/2021 14:35:44,47307,12,questionnaire-pgup,,11311126,5fbfc10b6e4c4c33c87c186b,3447766,,complete,,605c5facda4ddfd633a4ac1b,computer,Desktop or Laptop,Windows 8.1,Firefox 87.0,1366x768,1349x654,PostDebriefCP,Debrief_Form,3,PostConsentCP,PostBrowserFullscreenCP,PostDebriefCP,PostTenMinBreak,PostFamCP,PostTrainingCP,PostRecogCP,PostThreeItemCP,mask1,No,END QUESTIONNAIRE,72750
1,1616676217076,25/03/2021 12:43:37,1616676215282,2,25/03/2021 14:43:35,47307,12,questionnaire-pgup,,11311468,600fd3510ae5c21cb043cf8b,3447725,,complete,,605c5f1407001b9a1f8a98ba,computer,Desktop or Laptop,Windows 10,Firefox 87.0,1536x864,1536x722,PostDebriefCP,Debrief_Form,3,PostConsentCP,PostBrowserFullscreenCP,PostDebriefCP,PostTenMinBreak,PostFamCP,PostTrainingCP,PostRecogCP,PostThreeItemCP,slice1,No,BEGIN QUESTIONNAIRE,
2,1616676238283,25/03/2021 12:43:58,1616676236766,2,25/03/2021 14:43:56,47307,12,questionnaire-pgup,,11311468,600fd3510ae5c21cb043cf8b,3447725,,complete,,605c5f1407001b9a1f8a98ba,computer,Desktop or Laptop,Windows 10,Firefox 87.0,1536x864,1519x722,PostDebriefCP,Debrief_Form,3,PostConsentCP,PostBrowserFullscreenCP,PostDebriefCP,PostTenMinBreak,PostFamCP,PostTrainingCP,PostRecogCP,PostThreeItemCP,slice1,No,END QUESTIONNAIRE,21484
1,1616676557075,25/03/2021 12:49:17,1616676485391,0,25/03/2021 12:48:05,47307,12,questionnaire-pgup,,11311643,600ace3369d46b0520b289aa,3448554,,complete,,605c5feb77974824bbe0dc48,computer,Desktop or Laptop,Mac OS 10.14,Firefox 87.0,1440x900,920x826,PostDebriefCP,Debrief_Form,3,PostConsentCP,PostBrowserFullscreenCP,PostDebriefCP,PostTenMinBreak,PostFamCP,PostTrainingCP,PostRecogCP,PostThreeItemCP,slice2,No,BEGIN QUESTIONNAIRE,
2,1616676562957,25/03/2021 12:49:22,1616676491319,0,25/03/2021 12:48:11,47307,12,questionnaire-pgup,,11311643,600ace3369d46b0520b289aa,3448554,,complete,,605c5feb77974824bbe0dc48,computer,Desktop or Laptop,Mac OS 10.14,Firefox 87.0,1440x900,920x826,PostDebriefCP,Debrief_Form,3,PostConsentCP,PostBrowserFullscreenCP,PostDebriefCP,PostTenMinBreak,PostFamCP,PostTrainingCP,PostRecogCP,PostThreeItemCP,slice2,No,END QUESTIONNAIRE,5929
1,1616676782410,25/03/2021 12:53:02,1616676782007,0,25/03/2021 12:53:02,47307,12,questionnaire-pgup,,11311762,5962a5b29955ee00015bce98,3447845,,complete,,605c614aaa051a18935cf308,computer,Desktop or Laptop,Ubuntu undefined,Firefox 85.0,1024x600,1024x477,PostDebriefCP,Debrief_Form,3,PostConsentCP,PostBrowserFullscreenCP,PostDebriefCP,PostTenMinBreak,PostFamCP,PostTrainingCP,PostRecogCP,PostThreeItemCP,slice2,No,BEGIN QUESTIONNAIRE,
2,1616676814631,25/03/2021 12:53:34,1616676814562,0,25/03/2021 12:53:34,47307,12,questionnaire-pgup,,11311762,5962a5b29955ee00015bce98,3447845,,complete,,605c614aaa051a18935cf308,computer,Desktop or Laptop,Ubuntu undefined,Firefox 85.0,1024x600,1009x477,PostDebriefCP,Debrief_Form,3,PostConsentCP,PostBrowserFullscreenCP,PostDebriefCP,PostTenMinBreak,PostFamCP,PostTrainingCP,PostRecogCP,PostThreeItemCP,slice2,No,END QUESTIONNAIRE,32557
1,1616677072122,25/03/2021 12:57:52,1616677071795,13,26/03/2021 01:57:51,47307,12,questionnaire-pgup,,11312004,5f51928b9cd7773e67c1f84a,3447795,,complete,,605c6072f21a45f085571cd4,computer,Desktop or Laptop,Windows 10,Firefox 85.0,1920x1200,1920x1058,PostDebriefCP,Debrief_Form,3,PostConsentCP,PostBrowserFullscreenCP,PostDebriefCP,PostTenMinBreak,PostFamCP,PostTrainingCP,PostRecogCP,PostThreeItemCP,slice1,No,BEGIN QUESTIONNAIRE,
2,1616677122859,25/03/2021 12:58:42,1616677122600,13,26/03/2021 01:58:42,47307,12,questionnaire-pgup,,11312004,5f51928b9cd7773e67c1f84a,3447795,,complete,,605c6072f21a45f085571cd4,computer,Desktop or Laptop,Windows 10,Firefox 85.0,1920x1200,1920x1058,PostDebriefCP,Debrief_Form,3,PostConsentCP,PostBrowserFullscreenCP,PostDebriefCP,PostTenMinBreak,PostFamCP,PostTrainingCP,PostRecogCP,PostThreeItemCP,slice1,No,END QUESTIONNAIRE,50805
1,1616677194159,25/03/2021 12:59:54,1616677193337,2,25/03/2021 14:59:53,47307,12,questionnaire-pgup,,11312051,5f9197ba39d009000b3d9268,3447979,,complete,,605c5ea0e25acccc2ded4ed2,computer,Desktop or Laptop,Windows 10,Firefox 87.0,1366x768,1366x626,PostDebriefCP,Debrief_Form,3,PostConsentCP,PostBrowserFullscreenCP,PostDebriefCP,PostTenMinBreak,PostFamCP,PostTrainingCP,PostRecogCP,PostThreeItemCP,mask1,No,BEGIN QUESTIONNAIRE,
2,1616677227946,25/03/2021 13:00:27,1616677227205,2,25/03/2021 15:00:27,47307,12,questionnaire-pgup,,11312051,5f9197ba39d009000b3d9268,3447979,,complete,,605c5ea0e25acccc2ded4ed2,computer,Desktop or Laptop,Windows 10,Firefox 87.0,1366x768,1349x626,PostDebriefCP,Debrief_Form,3,PostConsentCP,PostBrowserFullscreenCP,PostDebriefCP,PostTenMinBreak,PostFamCP,PostTrainingCP,PostRecogCP,PostThreeItemCP,mask1,No,END QUESTIONNAIRE,33869
1,1616677214883,25/03/2021 13:00:14,1616677217347,2,25/03/2021 15:00:17,47307,12,questionnaire-pgup,,11312060,6053bf6fde6781a894aa3fdf,3447809,,complete,,605c616d3ff3ac1c7b48bc69,computer,Desktop or Laptop,Windows 7,Firefox 87.0,1360x768,1360x768,PostDebriefCP,Debrief_Form,3,PostConsentCP,PostBrowserFullscreenCP,PostDebriefCP,PostTenMinBreak,PostFamCP,PostTrainingCP,PostRecogCP,PostThreeItemCP,mask2,No,BEGIN QUESTIONNAIRE,
2,1616677252284,25/03/2021 13:00:52,1616677254815,2,25/03/2021 15:00:54,47307,12,questionnaire-pgup,,11312060,6053bf6fde6781a894aa3fdf,3447809,,complete,,605c616d3ff3ac1c7b48bc69,computer,Desktop or Laptop,Windows 7,Firefox 87.0,1360x768,1343x768,PostDebriefCP,Debrief_Form,3,PostConsentCP,PostBrowserFullscreenCP,PostDebriefCP,PostTenMinBreak,PostFamCP,PostTrainingCP,PostRecogCP,PostThreeItemCP,mask2,No,END QUESTIONNAIRE,37468
1,1616677419064,25/03/2021 13:03:39,1616677418878,11,26/03/2021 00:03:38,47307,12,questionnaire-pgup,,11312167,5b2150d538b0be00014137fb,3448119,,complete,,605c5fb9dfe729fbfa7e9a4e,computer,Desktop or Laptop,Windows 10,Firefox 86.0,1600x900,1600x900,PostDebriefCP,Debrief_Form,3,PostConsentCP,PostBrowserFullscreenCP,PostDebriefCP,PostTenMinBreak,PostFamCP,PostTrainingCP,PostRecogCP,PostThreeItemCP,mask2,No,BEGIN QUESTIONNAIRE,
2,1616677493054,25/03/2021 13:04:53,1616677492907,11,26/03/2021 00:04:52,47307,12,questionnaire-pgup,,11312167,5b2150d538b0be00014137fb,3448119,,complete,,605c5fb9dfe729fbfa7e9a4e,computer,Desktop or Laptop,Windows 10,Firefox 86.0,1600x900,1600x900,PostDebriefCP,Debrief_Form,3,PostConsentCP,PostBrowserFullscreenCP,PostDebriefCP,PostTenMinBreak,PostFamCP,PostTrainingCP,PostRecogCP,PostThreeItemCP,mask2,No,END QUESTIONNAIRE,74029
1,1616677952259,25/03/2021 13:12:32,1616678172800,0,25/03/2021 13:16:12,47307,12,questionnaire-pgup,,11312562,5dba043b732f4c0607595ec5,3447812,,complete,,605c62b561c7c6fc27ca1906,computer,Desktop or Laptop,Linux x86_64,Firefox 78.0,1920x896,1920x896,PostDebriefCP,Debrief_Form,3,PostConsentCP,PostBrowserFullscreenCP,PostDebriefCP,PostTenMinBreak,PostFamCP,PostTrainingCP,PostRecogCP,PostThreeItemCP,slice2,No,BEGIN QUESTIONNAIRE,
2,1616677999637,25/03/2021 13:13:19,1616678220100,0,25/03/2021 13:17:00,47307,12,questionnaire-pgup,,11312562,5dba043b732f4c0607595ec5,3447812,,complete,,605c62b561c7c6fc27ca1906,computer,Desktop or Laptop,Linux x86_64,Firefox 78.0,1920x896,1920x896,PostDebriefCP,Debrief_Form,3,PostConsentCP,PostBrowserFullscreenCP,PostDebriefCP,PostTenMinBreak,PostFamCP,PostTrainingCP,PostRecogCP,PostThreeItemCP,slice2,No,END QUESTIONNAIRE,47300
1,1616679914687,25/03/2021 13:45:14,1616679914507,2,25/03/2021 15:45:14,47307,12,questionnaire-pgup,,11314128,5fc7598336320f000a81a13c,3448084,,complete,,605c628737be1d0c8ff0e341,computer,Desktop or Laptop,Mac OS 10.14,Firefox 87.0,1280x800,1280x698,PostDebriefCP,Debrief_Form,3,PostConsentCP,PostBrowserFullscreenCP,PostDebriefCP,PostTenMinBreak,PostFamCP,PostTrainingCP,PostRecogCP,PostThreeItemCP,slice1,No,BEGIN QUESTIONNAIRE,
2,1616679938552,25/03/2021 13:45:38,1616679938446,2,25/03/2021 15:45:38,47307,12,questionnaire-pgup,,11314128,5fc7598336320f000a81a13c,3448084,,complete,,605c628737be1d0c8ff0e341,computer,Desktop or Laptop,Mac OS 10.14,Firefox 87.0,1280x800,1280x698,PostDebriefCP,Debrief_Form,3,PostConsentCP,PostBrowserFullscreenCP,PostDebriefCP,PostTenMinBreak,PostFamCP,PostTrainingCP,PostRecogCP,PostThreeItemCP,slice1,No,END QUESTIONNAIRE,23939
1,1616680837306,25/03/2021 14:00:37,1616680837203,0,25/03/2021 14:00:37,47307,12,questionnaire-pgup,,11315592,5f323237a6342a17e390a7c8,3449769,,complete,,605c84e98fc6a4614df0afce,computer,Desktop or Laptop,Windows 10,Firefox 85.0,1920x1080,1920x938,PostDebriefCP,Debrief_Form,3,PostConsentCP,PostBrowserFullscreenCP,PostDebriefCP,PostTenMinBreak,PostFamCP,PostTrainingCP,PostRecogCP,PostThreeItemCP,slice2,No,BEGIN QUESTIONNAIRE,
2,1616680842265,25/03/2021 14:00:42,1616680842217,0,25/03/2021 14:00:42,47307,12,questionnaire-pgup,,11315592,5f323237a6342a17e390a7c8,3449769,,complete,,605c84e98fc6a4614df0afce,computer,Desktop or Laptop,Windows 10,Firefox 85.0,1920x1080,1920x938,PostDebriefCP,Debrief_Form,3,PostConsentCP,PostBrowserFullscreenCP,PostDebriefCP,PostTenMinBreak,PostFamCP,PostTrainingCP,PostRecogCP,PostThreeItemCP,slice2,No,END QUESTIONNAIRE,5014
1,1616686073040,25/03/2021 15:27:53,1616686071868,0,25/03/2021 15:27:51,47307,12,questionnaire-pgup,,11320795,562a00dac8ffc20012513fbe,3450552,,complete,,605c94022753e12fa1dbe6d5,computer,Desktop or Laptop,Linux x86_64,Firefox 86.0,1920x1080,980x472,PostDebriefCP,Debrief_Form,3,PostConsentCP,PostBrowserFullscreenCP,PostDebriefCP,PostTenMinBreak,PostFamCP,PostTrainingCP,PostRecogCP,PostThreeItemCP,mask1,No,BEGIN QUESTIONNAIRE,
2,1616686076790,25/03/2021 15:27:56,1616686075619,0,25/03/2021 15:27:55,47307,12,questionnaire-pgup,,11320795,562a00dac8ffc20012513fbe,3450552,,complete,,605c94022753e12fa1dbe6d5,computer,Desktop or Laptop,Linux x86_64,Firefox 86.0,1920x1080,980x472,PostDebriefCP,Debrief_Form,3,PostConsentCP,PostBrowserFullscreenCP,PostDebriefCP,PostTenMinBreak,PostFamCP,PostTrainingCP,PostRecogCP,PostThreeItemCP,mask1,No,END QUESTIONNAIRE,3751
1,1616686403795,25/03/2021 15:33:23,1616686403674,0,25/03/2021 15:33:23,47307,12,questionnaire-pgup,,11321197,5deb9c5a4de9422935efe5e7,3450488,,complete,,605c9403b02e247dc7dbb62f,computer,Desktop or Laptop,Mac OS 10.15,Firefox 86.0,1920x1080,1920x1006,PostDebriefCP,Debrief_Form,3,PostConsentCP,PostBrowserFullscreenCP,PostDebriefCP,PostTenMinBreak,PostFamCP,PostTrainingCP,PostRecogCP,PostThreeItemCP,slice1,No,BEGIN QUESTIONNAIRE,
2,1616686435115,25/03/2021 15:33:55,1616686435028,0,25/03/2021 15:33:55,47307,12,questionnaire-pgup,,11321197,5deb9c5a4de9422935efe5e7,3450488,,complete,,605c9403b02e247dc7dbb62f,computer,Desktop or Laptop,Mac OS 10.15,Firefox 86.0,1920x1080,1920x1006,PostDebriefCP,Debrief_Form,3,PostConsentCP,PostBrowserFullscreenCP,PostDebriefCP,PostTenMinBreak,PostFamCP,PostTrainingCP,PostRecogCP,PostThreeItemCP,slice1,No,END QUESTIONNAIRE,31354
1,1616686887936,25/03/2021 15:41:27,1616686836365,0,25/03/2021 15:40:36,47307,12,questionnaire-pgup,,11321729,5efb35574bdb3e05dfa40b6e,3450675,,complete,,605c942626071083ab0fcd69,computer,Desktop or Laptop,Windows 10,Firefox 87.0,1366x768,1366x654,PostDebriefCP,Debrief_Form,3,PostConsentCP,PostBrowserFullscreenCP,PostDebriefCP,PostTenMinBreak,PostFamCP,PostTrainingCP,PostRecogCP,PostThreeItemCP,mask2,No,BEGIN QUESTIONNAIRE,
2,1616686903000,25/03/2021 15:41:43,1616686851283,0,25/03/2021 15:40:51,47307,12,questionnaire-pgup,,11321729,5efb35574bdb3e05dfa40b6e,3450675,,complete,,605c942626071083ab0fcd69,computer,Desktop or Laptop,Windows 10,Firefox 87.0,1366x768,1349x654,PostDebriefCP,Debrief_Form,3,PostConsentCP,PostBrowserFullscreenCP,PostDebriefCP,PostTenMinBreak,PostFamCP,PostTrainingCP,PostRecogCP,PostThreeItemCP,mask2,No,END QUESTIONNAIRE,14918
1,1616687378302,25/03/2021 15:49:38,1616687377889,0,25/03/2021 15:49:37,47307,12,questionnaire-pgup,,11322185,5fcebf39b1ce991897820e1a,3450524,,complete,,605c9446113bd2069636d5b7,computer,Desktop or Laptop,Windows 10,Firefox 85.0,2560x1440,2560x1326,PostDebriefCP,Debrief_Form,3,PostConsentCP,PostBrowserFullscreenCP,PostDebriefCP,PostTenMinBreak,PostFamCP,PostTrainingCP,PostRecogCP,PostThreeItemCP,mask1,No,BEGIN QUESTIONNAIRE,
2,1616687429659,25/03/2021 15:50:29,1616687429271,0,25/03/2021 15:50:29,47307,12,questionnaire-pgup,,11322185,5fcebf39b1ce991897820e1a,3450524,,complete,,605c9446113bd2069636d5b7,computer,Desktop or Laptop,Windows 10,Firefox 85.0,2560x1440,2560x1326,PostDebriefCP,Debrief_Form,3,PostConsentCP,PostBrowserFullscreenCP,PostDebriefCP,PostTenMinBreak,PostFamCP,PostTrainingCP,PostRecogCP,PostThreeItemCP,mask1,No,END QUESTIONNAIRE,51382
1,1616687929906,25/03/2021 15:58:49,1616687930688,0,25/03/2021 15:58:50,47307,12,questionnaire-pgup,,11322748,5ccb5e96bca87900161275c2,3450498,,complete,,605c94037bacfef4c727efbf,computer,Desktop or Laptop,Windows 10,Firefox 87.0,1536x864,1536x864,PostDebriefCP,Debrief_Form,3,PostConsentCP,PostBrowserFullscreenCP,PostDebriefCP,PostTenMinBreak,PostFamCP,PostTrainingCP,PostRecogCP,PostThreeItemCP,mask2,No,BEGIN QUESTIONNAIRE,
2,1616687946487,25/03/2021 15:59:06,1616687947301,0,25/03/2021 15:59:07,47307,12,questionnaire-pgup,,11322748,5ccb5e96bca87900161275c2,3450498,,complete,,605c94037bacfef4c727efbf,computer,Desktop or Laptop,Windows 10,Firefox 87.0,1536x864,1536x864,PostDebriefCP,Debrief_Form,3,PostConsentCP,PostBrowserFullscreenCP,PostDebriefCP,PostTenMinBreak,PostFamCP,PostTrainingCP,PostRecogCP,PostThreeItemCP,mask2,No,END QUESTIONNAIRE,16613
1,1616674013361,25/03/2021 12:06:53,1616674014167,11,25/03/2021 23:06:54,47307,12,questionnaire-pgup,,11309854,5edf8803c008532459792282,3447692,,complete,,605c5fe68f45932469edbe2f,computer,Desktop or Laptop,Windows 10,Firefox 85.0,1920x1080,1920x1080,PostDebriefCP,Debrief_Form,3,PostConsentCP,PostBrowserFullscreenCP,PostDebriefCP,PostTenMinBreak,PostFamCP,PostTrainingCP,PostRecogCP,PostThreeItemCP,mask2,No,BEGIN QUESTIONNAIRE,
2,1616674040436,25/03/2021 12:07:20,1616674041280,11,25/03/2021 23:07:21,47307,12,questionnaire-pgup,,11309854,5edf8803c008532459792282,3447692,,complete,,605c5fe68f45932469edbe2f,computer,Desktop or Laptop,Windows 10,Firefox 85.0,1920x1080,1920x1080,PostDebriefCP,Debrief_Form,3,PostConsentCP,PostBrowserFullscreenCP,PostDebriefCP,PostTenMinBreak,PostFamCP,PostTrainingCP,PostRecogCP,PostThreeItemCP,mask2,No,END QUESTIONNAIRE,27113
1,1616673835758,25/03/2021 12:03:55,1616673837965,0,25/03/2021 12:03:57,47307,12,questionnaire-pgup,,11309701,602e7fe3cfca8aa08cc6d3ff,3447899,,complete,,605c6269aa8678bc250ee46c,computer,Desktop or Laptop,Windows 7,Firefox 57.0,1366x768,1366x656,PostDebriefCP,Debrief_Form,3,PostConsentCP,PostBrowserFullscreenCP,PostDebriefCP,PostTenMinBreak,PostFamCP,PostTrainingCP,PostRecogCP,PostThreeItemCP,slice1,No,BEGIN QUESTIONNAIRE,
2,1616673841938,25/03/2021 12:04:01,1616673844211,0,25/03/2021 12:04:04,47307,12,questionnaire-pgup,,11309701,602e7fe3cfca8aa08cc6d3ff,3447899,,complete,,605c6269aa8678bc250ee46c,computer,Desktop or Laptop,Windows 7,Firefox 57.0,1366x768,1349x656,PostDebriefCP,Debrief_Form,3,PostConsentCP,PostBrowserFullscreenCP,PostDebriefCP,PostTenMinBreak,PostFamCP,PostTrainingCP,PostRecogCP,PostThreeItemCP,slice1,No,END QUESTIONNAIRE,6246
1,1616673818192,25/03/2021 12:03:38,1616673817423,0,25/03/2021 12:03:37,47307,12,questionnaire-pgup,,11309684,5f849dfdb3a48f1276848897,3447893,,complete,,605c6266ed57214c6ab4041e,computer,Desktop or Laptop,Mac OS 10.11,Firefox 78.0,1280x800,1280x666,PostDebriefCP,Debrief_Form,3,PostConsentCP,PostBrowserFullscreenCP,PostDebriefCP,PostTenMinBreak,PostFamCP,PostTrainingCP,PostRecogCP,PostThreeItemCP,mask2,No,BEGIN QUESTIONNAIRE,
2,1616673837220,25/03/2021 12:03:57,1616673836551,0,25/03/2021 12:03:56,47307,12,questionnaire-pgup,,11309684,5f849dfdb3a48f1276848897,3447893,,complete,,605c6266ed57214c6ab4041e,computer,Desktop or Laptop,Mac OS 10.11,Firefox 78.0,1280x800,1280x666,PostDebriefCP,Debrief_Form,3,PostConsentCP,PostBrowserFullscreenCP,PostDebriefCP,PostTenMinBreak,PostFamCP,PostTrainingCP,PostRecogCP,PostThreeItemCP,mask2,No,END QUESTIONNAIRE,19128
1,1616673651934,25/03/2021 12:00:51,1616673651717,0,25/03/2021 12:00:51,47307,12,questionnaire-pgup,,11309553,5ce1d945feca32001bf94623,3447876,,complete,,605c62fb0cba79009c512b77,computer,Desktop or Laptop,Windows 10,Firefox 87.0,1366x768,1366x622,PostDebriefCP,Debrief_Form,3,PostConsentCP,PostBrowserFullscreenCP,PostDebriefCP,PostTenMinBreak,PostFamCP,PostTrainingCP,PostRecogCP,PostThreeItemCP,mask2,No,BEGIN QUESTIONNAIRE,
2,1616673670684,25/03/2021 12:01:10,1616673670389,0,25/03/2021 12:01:10,47307,12,questionnaire-pgup,,11309553,5ce1d945feca32001bf94623,3447876,,complete,,605c62fb0cba79009c512b77,computer,Desktop or Laptop,Windows 10,Firefox 87.0,1366x768,1349x622,PostDebriefCP,Debrief_Form,3,PostConsentCP,PostBrowserFullscreenCP,PostDebriefCP,PostTenMinBreak,PostFamCP,PostTrainingCP,PostRecogCP,PostThreeItemCP,mask2,No,END QUESTIONNAIRE,18672
1,1616673310420,25/03/2021 11:55:10,1616673309756,2,25/03/2021 13:55:09,47307,12,questionnaire-pgup,,11309250,6016bbe3a28c6014fd3236b8,3447827,,complete,,605c615f3004e4ecbf73719b,computer,Desktop or Laptop,Windows 10,Firefox 87.0,1366x768,1366x768,PostDebriefCP,Debrief_Form,3,PostConsentCP,PostBrowserFullscreenCP,PostDebriefCP,PostTenMinBreak,PostFamCP,PostTrainingCP,PostRecogCP,PostThreeItemCP,slice2,No,BEGIN QUESTIONNAIRE,
2,1616673327045,25/03/2021 11:55:27,1616673326419,2,25/03/2021 13:55:26,47307,12,questionnaire-pgup,,11309250,6016bbe3a28c6014fd3236b8,3447827,,complete,,605c615f3004e4ecbf73719b,computer,Desktop or Laptop,Windows 10,Firefox 87.0,1366x768,1349x768,PostDebriefCP,Debrief_Form,3,PostConsentCP,PostBrowserFullscreenCP,PostDebriefCP,PostTenMinBreak,PostFamCP,PostTrainingCP,PostRecogCP,PostThreeItemCP,slice2,No,END QUESTIONNAIRE,16663
1,1616672864556,25/03/2021 11:47:44,1616672864349,1,25/03/2021 12:47:44,47307,12,questionnaire-pgup,,11308832,5eff0b0d1311a5436d0d6810,3447763,,complete,,605c5fb95bc81a79f6686d57,computer,Desktop or Laptop,Windows 10,Firefox 87.0,1536x864,1536x750,PostDebriefCP,Debrief_Form,3,PostConsentCP,PostBrowserFullscreenCP,PostDebriefCP,PostTenMinBreak,PostFamCP,PostTrainingCP,PostRecogCP,PostThreeItemCP,slice2,No,BEGIN QUESTIONNAIRE,
2,1616672879062,25/03/2021 11:47:59,1616672878940,1,25/03/2021 12:47:58,47307,12,questionnaire-pgup,,11308832,5eff0b0d1311a5436d0d6810,3447763,,complete,,605c5fb95bc81a79f6686d57,computer,Desktop or Laptop,Windows 10,Firefox 87.0,1536x864,1519x750,PostDebriefCP,Debrief_Form,3,PostConsentCP,PostBrowserFullscreenCP,PostDebriefCP,PostTenMinBreak,PostFamCP,PostTrainingCP,PostRecogCP,PostThreeItemCP,slice2,No,END QUESTIONNAIRE,14591
1,1616672707328,25/03/2021 11:45:07,1616672709857,0,25/03/2021 11:45:09,47307,12,questionnaire-pgup,,11308736,5dd5d8bd35cf745890c7814a,3447682,,complete,,605c6039c6ecfc2135431882,computer,Desktop or Laptop,Windows 10,Firefox 87.0,1280x720,1280x606,PostDebriefCP,Debrief_Form,3,PostConsentCP,PostBrowserFullscreenCP,PostDebriefCP,PostTenMinBreak,PostFamCP,PostTrainingCP,PostRecogCP,PostThreeItemCP,mask2,No,BEGIN QUESTIONNAIRE,
2,1616672748310,25/03/2021 11:45:48,1616672750938,0,25/03/2021 11:45:50,47307,12,questionnaire-pgup,,11308736,5dd5d8bd35cf745890c7814a,3447682,,complete,,605c6039c6ecfc2135431882,computer,Desktop or Laptop,Windows 10,Firefox 87.0,1280x720,1263x606,PostDebriefCP,Debrief_Form,3,PostConsentCP,PostBrowserFullscreenCP,PostDebriefCP,PostTenMinBreak,PostFamCP,PostTrainingCP,PostRecogCP,PostThreeItemCP,mask2,No,END QUESTIONNAIRE,41081
1,1616672679268,25/03/2021 11:44:39,1616672680057,2,25/03/2021 13:44:40,47307,12,questionnaire-pgup,,11308712,6000718a50d58c0d26212dde,3447716,,complete,,605c6113039d19dbfd10893d,computer,Desktop or Laptop,Windows 10,Firefox 87.0,1536x864,1536x750,PostDebriefCP,Debrief_Form,3,PostConsentCP,PostBrowserFullscreenCP,PostDebriefCP,PostTenMinBreak,PostFamCP,PostTrainingCP,PostRecogCP,PostThreeItemCP,mask1,No,BEGIN QUESTIONNAIRE,
2,1616672690426,25/03/2021 11:44:50,1616672691233,2,25/03/2021 13:44:51,47307,12,questionnaire-pgup,,11308712,6000718a50d58c0d26212dde,3447716,,complete,,605c6113039d19dbfd10893d,computer,Desktop or Laptop,Windows 10,Firefox 87.0,1536x864,1519x750,PostDebriefCP,Debrief_Form,3,PostConsentCP,PostBrowserFullscreenCP,PostDebriefCP,PostTenMinBreak,PostFamCP,PostTrainingCP,PostRecogCP,PostThreeItemCP,mask1,No,END QUESTIONNAIRE,11176
1,1616672593477,25/03/2021 11:43:13,1616672594607,0,25/03/2021 11:43:14,47307,12,questionnaire-pgup,,11308650,5f8f58fa7e646f1b15d16eb1,3447711,,complete,,605c5fd5c80a551bb70fe987,computer,Desktop or Laptop,Windows 8.1,Firefox 86.0,1366x768,1366x654,PostDebriefCP,Debrief_Form,3,PostConsentCP,PostBrowserFullscreenCP,PostDebriefCP,PostTenMinBreak,PostFamCP,PostTrainingCP,PostRecogCP,PostThreeItemCP,slice2,No,BEGIN QUESTIONNAIRE,
2,1616672603263,25/03/2021 11:43:23,1616672604427,0,25/03/2021 11:43:24,47307,12,questionnaire-pgup,,11308650,5f8f58fa7e646f1b15d16eb1,3447711,,complete,,605c5fd5c80a551bb70fe987,computer,Desktop or Laptop,Windows 8.1,Firefox 86.0,1366x768,1349x654,PostDebriefCP,Debrief_Form,3,PostConsentCP,PostBrowserFullscreenCP,PostDebriefCP,PostTenMinBreak,PostFamCP,PostTrainingCP,PostRecogCP,PostThreeItemCP,slice2,No,END QUESTIONNAIRE,9821
1,1616672312227,25/03/2021 11:38:32,1616672312060,13,26/03/2021 00:38:32,47307,12,questionnaire-pgup,,11308439,5efd3024b3334517cc2b6b32,3447804,,complete,,605c6287b2c475b662b0c4ee,computer,Desktop or Laptop,Windows 10,Firefox 85.0,1920x1080,1920x1080,PostDebriefCP,Debrief_Form,3,PostConsentCP,PostBrowserFullscreenCP,PostDebriefCP,PostTenMinBreak,PostFamCP,PostTrainingCP,PostRecogCP,PostThreeItemCP,mask2,No,BEGIN QUESTIONNAIRE,
2,1616672341492,25/03/2021 11:39:01,1616672341374,13,26/03/2021 00:39:01,47307,12,questionnaire-pgup,,11308439,5efd3024b3334517cc2b6b32,3447804,,complete,,605c6287b2c475b662b0c4ee,computer,Desktop or Laptop,Windows 10,Firefox 85.0,1920x1080,1920x1080,PostDebriefCP,Debrief_Form,3,PostConsentCP,PostBrowserFullscreenCP,PostDebriefCP,PostTenMinBreak,PostFamCP,PostTrainingCP,PostRecogCP,PostThreeItemCP,mask2,No,END QUESTIONNAIRE,29314
1,1616672276649,25/03/2021 11:37:56,1616672275604,1,25/03/2021 12:37:55,47307,12,questionnaire-pgup,,11308414,5ef630007a4f7c2e550ef111,3447764,,complete,,605c613049089d5f837c14dd,computer,Desktop or Laptop,Windows 10,Firefox 86.0,1536x864,1536x750,PostDebriefCP,Debrief_Form,3,PostConsentCP,PostBrowserFullscreenCP,PostDebriefCP,PostTenMinBreak,PostFamCP,PostTrainingCP,PostRecogCP,PostThreeItemCP,mask2,No,BEGIN QUESTIONNAIRE,
2,1616672297261,25/03/2021 11:38:17,1616672296408,1,25/03/2021 12:38:16,47307,12,questionnaire-pgup,,11308414,5ef630007a4f7c2e550ef111,3447764,,complete,,605c613049089d5f837c14dd,computer,Desktop or Laptop,Windows 10,Firefox 86.0,1536x864,1519x750,PostDebriefCP,Debrief_Form,3,PostConsentCP,PostBrowserFullscreenCP,PostDebriefCP,PostTenMinBreak,PostFamCP,PostTrainingCP,PostRecogCP,PostThreeItemCP,mask2,No,END QUESTIONNAIRE,20804
1,1616671716982,25/03/2021 11:28:36,1616671715254,0,25/03/2021 11:28:35,47307,12,questionnaire-pgup,,11307962,5f2b30b6a340af558e1f1d32,3447802,,complete,,605c6218fc835d7b2ae34c05,computer,Desktop or Laptop,Windows 10,Firefox 87.0,1536x864,1536x694,PostDebriefCP,Debrief_Form,3,PostConsentCP,PostBrowserFullscreenCP,PostDebriefCP,PostTenMinBreak,PostFamCP,PostTrainingCP,PostRecogCP,PostThreeItemCP,slice1,No,BEGIN QUESTIONNAIRE,
2,1616671733655,25/03/2021 11:28:53,1616671731970,0,25/03/2021 11:28:51,47307,12,questionnaire-pgup,,11307962,5f2b30b6a340af558e1f1d32,3447802,,complete,,605c6218fc835d7b2ae34c05,computer,Desktop or Laptop,Windows 10,Firefox 87.0,1536x864,1519x694,PostDebriefCP,Debrief_Form,3,PostConsentCP,PostBrowserFullscreenCP,PostDebriefCP,PostTenMinBreak,PostFamCP,PostTrainingCP,PostRecogCP,PostThreeItemCP,slice1,No,END QUESTIONNAIRE,16716
1,1616671547976,25/03/2021 11:25:47,1616671547229,2,25/03/2021 13:25:47,47307,12,questionnaire-pgup,,11307810,602b8155a5c8a32bbac81763,3447717,,complete,,605c6054285dd74717355cd0,computer,Desktop or Laptop,Windows 7,Firefox 87.0,1920x1080,1920x966,PostDebriefCP,Debrief_Form,3,PostConsentCP,PostBrowserFullscreenCP,PostDebriefCP,PostTenMinBreak,PostFamCP,PostTrainingCP,PostRecogCP,PostThreeItemCP,slice1,No,BEGIN QUESTIONNAIRE,
2,1616671567656,25/03/2021 11:26:07,1616671566953,2,25/03/2021 13:26:06,47307,12,questionnaire-pgup,,11307810,602b8155a5c8a32bbac81763,3447717,,complete,,605c6054285dd74717355cd0,computer,Desktop or Laptop,Windows 7,Firefox 87.0,1920x1080,1920x966,PostDebriefCP,Debrief_Form,3,PostConsentCP,PostBrowserFullscreenCP,PostDebriefCP,PostTenMinBreak,PostFamCP,PostTrainingCP,PostRecogCP,PostThreeItemCP,slice1,No,END QUESTIONNAIRE,19724
1,1616671443821,25/03/2021 11:24:03,1616671444171,0,25/03/2021 11:24:04,47307,12,questionnaire-pgup,,11307705,59fb1518b47dfc0001b6659b,3447660,,complete,,605c5f9fa417fcd94679d197,computer,Desktop or Laptop,Windows 10,Firefox 87.0,1920x1080,1920x1080,PostDebriefCP,Debrief_Form,3,PostConsentCP,PostBrowserFullscreenCP,PostDebriefCP,PostTenMinBreak,PostFamCP,PostTrainingCP,PostRecogCP,PostThreeItemCP,mask1,No,BEGIN QUESTIONNAIRE,
2,1616671457905,25/03/2021 11:24:17,1616671458336,0,25/03/2021 11:24:18,47307,12,questionnaire-pgup,,11307705,59fb1518b47dfc0001b6659b,3447660,,complete,,605c5f9fa417fcd94679d197,computer,Desktop or Laptop,Windows 10,Firefox 87.0,1920x1080,1920x1080,PostDebriefCP,Debrief_Form,3,PostConsentCP,PostBrowserFullscreenCP,PostDebriefCP,PostTenMinBreak,PostFamCP,PostTrainingCP,PostRecogCP,PostThreeItemCP,mask1,No,END QUESTIONNAIRE,14165
1,1616670976554,25/03/2021 11:16:16,1616670975882,10,25/03/2021 21:16:15,47307,12,questionnaire-pgup,,11307305,6026c634781c4f076bed6d72,3447688,,complete,,605c607fb2c475b662b0c4e3,computer,Desktop or Laptop,Windows 10,Firefox 86.0,1920x1080,1857x983,PostDebriefCP,Debrief_Form,3,PostConsentCP,PostBrowserFullscreenCP,PostDebriefCP,PostTenMinBreak,PostFamCP,PostTrainingCP,PostRecogCP,PostThreeItemCP,slice2,No,BEGIN QUESTIONNAIRE,
2,1616670991974,25/03/2021 11:16:31,1616670991375,10,25/03/2021 21:16:31,47307,12,questionnaire-pgup,,11307305,6026c634781c4f076bed6d72,3447688,,complete,,605c607fb2c475b662b0c4e3,computer,Desktop or Laptop,Windows 10,Firefox 86.0,1920x1080,1857x983,PostDebriefCP,Debrief_Form,3,PostConsentCP,PostBrowserFullscreenCP,PostDebriefCP,PostTenMinBreak,PostFamCP,PostTrainingCP,PostRecogCP,PostThreeItemCP,slice2,No,END QUESTIONNAIRE,15493
1,1616670830455,25/03/2021 11:13:50,1616670830275,0,25/03/2021 11:13:50,47307,12,questionnaire-pgup,,11307190,5fd75ef3fbf4d004bba8d953,3447698,,complete,,605c606802970ad812e222ce,computer,Desktop or Laptop,Windows 10,Firefox 87.0,1920x1080,1920x938,PostDebriefCP,Debrief_Form,3,PostConsentCP,PostBrowserFullscreenCP,PostDebriefCP,PostTenMinBreak,PostFamCP,PostTrainingCP,PostRecogCP,PostThreeItemCP,slice1,No,BEGIN QUESTIONNAIRE,
2,1616670875865,25/03/2021 11:14:35,1616670875707,0,25/03/2021 11:14:35,47307,12,questionnaire-pgup,,11307190,5fd75ef3fbf4d004bba8d953,3447698,,complete,,605c606802970ad812e222ce,computer,Desktop or Laptop,Windows 10,Firefox 87.0,1920x1080,1920x938,PostDebriefCP,Debrief_Form,3,PostConsentCP,PostBrowserFullscreenCP,PostDebriefCP,PostTenMinBreak,PostFamCP,PostTrainingCP,PostRecogCP,PostThreeItemCP,slice1,No,END QUESTIONNAIRE,45432
1,1616594762098,24/03/2021 14:06:02,1616594762067,0,24/03/2021 14:06:02,47307,12,questionnaire-pgup,,11276681,5e63cacbe43f28152567f42b,3437614,,complete,,605b26f82166be43ad65cfea,computer,Desktop or Laptop,Windows 10,Firefox 87.0,1536x864,1536x864,PostDebriefCP,Debrief_Form,3,PostConsentCP,PostBrowserFullscreenCP,PostDebriefCP,PostTenMinBreak,PostFamCP,PostTrainingCP,PostRecogCP,PostThreeItemCP,slice1,No,BEGIN QUESTIONNAIRE,
2,1616594791730,24/03/2021 14:06:31,1616594791692,0,24/03/2021 14:06:31,47307,12,questionnaire-pgup,,11276681,5e63cacbe43f28152567f42b,3437614,,complete,,605b26f82166be43ad65cfea,computer,Desktop or Laptop,Windows 10,Firefox 87.0,1536x864,1536x864,PostDebriefCP,Debrief_Form,3,PostConsentCP,PostBrowserFullscreenCP,PostDebriefCP,PostTenMinBreak,PostFamCP,PostTrainingCP,PostRecogCP,PostThreeItemCP,slice1,No,END QUESTIONNAIRE,29625
1,1616594608492,24/03/2021 14:03:28,1616594608426,0,24/03/2021 14:03:28,47307,12,questionnaire-pgup,,11276567,601eaeeb12586834759af824,3437799,,complete,,605b262f546117985d3219a3,computer,Desktop or Laptop,Mac OS 10.10,Firefox 78.0,1920x1080,1920x978,PostDebriefCP,Debrief_Form,3,PostConsentCP,PostBrowserFullscreenCP,PostDebriefCP,PostTenMinBreak,PostFamCP,PostTrainingCP,PostRecogCP,PostThreeItemCP,slice2,No,BEGIN QUESTIONNAIRE,
2,1616594613054,24/03/2021 14:03:33,1616594612990,0,24/03/2021 14:03:32,47307,12,questionnaire-pgup,,11276567,601eaeeb12586834759af824,3437799,,complete,,605b262f546117985d3219a3,computer,Desktop or Laptop,Mac OS 10.10,Firefox 78.0,1920x1080,1920x978,PostDebriefCP,Debrief_Form,3,PostConsentCP,PostBrowserFullscreenCP,PostDebriefCP,PostTenMinBreak,PostFamCP,PostTrainingCP,PostRecogCP,PostThreeItemCP,slice2,No,END QUESTIONNAIRE,4564
1,1616592359624,24/03/2021 13:25:59,1616592359535,0,24/03/2021 13:25:59,47307,12,questionnaire-pgup,,11275001,5c277df7015a5b00018527c1,3437688,,complete,,605b2a337118fee1b484609d,computer,Desktop or Laptop,Mac OS 10.15,Firefox 87.0,1440x900,1280x664,PostDebriefCP,Debrief_Form,3,PostConsentCP,PostBrowserFullscreenCP,PostDebriefCP,PostTenMinBreak,PostFamCP,PostTrainingCP,PostRecogCP,PostThreeItemCP,mask1,No,BEGIN QUESTIONNAIRE,
2,1616592365463,24/03/2021 13:26:05,1616592365404,0,24/03/2021 13:26:05,47307,12,questionnaire-pgup,,11275001,5c277df7015a5b00018527c1,3437688,,complete,,605b2a337118fee1b484609d,computer,Desktop or Laptop,Mac OS 10.15,Firefox 87.0,1440x900,1280x664,PostDebriefCP,Debrief_Form,3,PostConsentCP,PostBrowserFullscreenCP,PostDebriefCP,PostTenMinBreak,PostFamCP,PostTrainingCP,PostRecogCP,PostThreeItemCP,mask1,No,END QUESTIONNAIRE,5869
END OF FILE
